{
    "loss": 10.80159854888916,
    "accuracy": 0.7647058963775635
}